{"cameraMode":{"drawMode":0,"name":"Shaded","section":"Shading Mode"},"sceneLighting":true,"audioPlay":false,"sceneViewState":{"showFog":false,"showMaterialUpdate":false,"showSkybox":true,"showFlares":false,"showImageEffects":true,"showParticleSystems":true},"in2DMode":false,"pivot":{"x":-643.4030151367188,"y":-37.53787612915039,"z":278.3670959472656},"rotation":{"x":0.023320384323596956,"y":-0.5484923720359802,"z":0.01530664786696434,"w":0.8356921672821045},"size":353.55340576171877,"orthographic":false}